{
    "level": "level1",
    "player": {
        "player_position": [
            6298,
            1130
        ],
        "health": 225.5609999999945,
        "mana": 61.80400000000033
    },
    "imps": [
        {
            "position": [
                3803,
                682
            ],
            "health": 300
        },
        {
            "position": [
                6382,
                1112
            ],
            "health": 110
        }
    ]
}